"","id","ic50_np","mse_np","auc_np","ic50_mf","mse_mf","auc_mf","ic50_sf","mse_sf","auc_sf","ic50_npb","mse_npb","auc_npb"
"1","5FU_P1_T1_1",0.803113162176318,85.5469868388462,2076.24283198863,3.03478986535664,123.267043608292,2065.82363690567,1.06744574417045,129.548218621461,2076.86156301651,0.295358946498769,13096.9925745,1898.95208903568
"2","5FU_P1_T1_2",1.95621038189075,107.709838454779,1988.71856105268,2.07701356848985,121.530339978296,1988.16881846509,1.71287791491707,122.711986584283,1992.70522830673,0.261252571378653,11646.4893808432,1907.03484779393
"3","5FU_P1_T1_3",0.185106755664239,18.4126118076,772.822543774832,0.190645387466803,19.1732773270781,771.849650190196,0.0106363305215413,42.763336913657,787.679871910424,0.312814211770636,3896.22754937685,710.024867496699
"4","5FU_P1_T1_4",7.27830353862298,42.1390690603156,1317.37355514108,6.96765171838248,58.0203970137239,1310.40710924286,53.2119522131615,103.166741918819,1311.51456782107,0.508581714315214,6919.89191468513,1279.40468069434
"5","5FU_P1_T2_1",0.249701916430141,17.1109318874128,246.442622229405,0.249701916430141,17.9219312323578,246.435472806528,0.204806717815289,25.0121923633898,251.34402241337,0.332926438461643,2789.74406666475,324.729002150302
"6","5FU_P1_T2_2",0.765053428669152,257.728812067931,1178.45164655557,0.792078855298156,273.871195513258,1175.99647248273,0.833011232858634,289.019483333677,1187.45230892345,0.431195640026326,6495.53652080242,1197.19389225587
"7","5FU_P1_T2_3",0.183389789427054,6.99243912837247,615.304589479616,0.186548807543845,8.10585134562271,614.516117145494,0.0102653614452232,27.4637261351486,622.654113387306,0.310895443937233,3064.50260951144,613.161645154687
"8","5FU_P1_T2_4",1.08754120174894,66.7964484234458,1422.41865315105,1.25061465212984,72.6286330721531,1424.35220765839,1.02774313637955,75.2726825121942,1429.9884011653,0.331168775474421,7566.65977623558,1389.91145515502
"9","5FU_P1_T2_5",7.22988959323608,30.1401615616831,1023.13271536712,7.68685241483553,35.8904898120113,1021.62205562245,190.539802706635,69.863950767043,985.83159964068,1.05814754639974,5585.81901322279,974.168282173603
"10","5FU_P1_T3_1",13.5106364359411,111.290766230628,1406.40905001574,13.4019571709516,113.622286880013,1401.83043844425,220.18043120565,151.539176468757,1348.53156388991,0.717772714208967,7263.3333017179,1353.37977670405
"11","5FU_P1_T3_2",5.78674233715827,13.304191100072,1351.42172683229,5.50581511585644,23.4407735950715,1350.10391472024,160.813041109903,34.8396839563379,1333.94183769007,1.1207073697097,8492.53579364728,1343.93687563468
"12","5FU_P1_T3_3",2.64322685397326,245.761487733197,1382.08165419148,2.65840012180541,250.461174798699,1385.03757804518,2.7031188724596,250.905317494477,1384.96665005257,0.550170381043751,7284.11619981128,1393.22474769473
"13","5FU_P1_T3_5",1.48668408101285,98.1131040969023,1212.32949411617,1.62214710209095,106.905657068172,1217.4137510156,2.15044307480526,118.715628862428,1219.14428787435,0.823934748230594,7716.15218222312,1258.83254865975
"14","5FU_P1_T4_2",8.32211015467922,67.7768044254509,1435.77639837809,8.89567070426768,79.1817700833174,1429.61554715487,73.6250629775424,91.3085707527567,1434.18031813021,4.51600249620905,8962.26518340019,1415.26346525647
"15","5FU_P1_T4_3",11.3077623109616,25.2322072101832,1089.47207231929,11.488491683017,36.0648225615884,1081.50465348141,38.6893861508138,90.7533978824067,1104.17868615036,4.89890361988613,6419.75708212957,1057.32408608785
"16","5FU_P1_T4_4",1.40823804877448,21.6733491676816,863.535782093763,1.50564196161789,30.8873078818778,862.871109592068,1.50625218342521,35.5939815591516,859.5478464181,1.28523869319909,6671.86480681518,911.769218830701
"17","5FU_P1_T4_5",0.842628160156937,75.666531423963,1340.65930453317,0.865901588461554,87.0243149289371,1321.43616008661,0.883445531704199,89.5728463332046,1319.66824552546,0.402252761387911,7647.05712689062,1320.75775106092
"18","5FU_P2_T1_1",7.32154100176934,49.3463171609835,1053.86662543266,7.49507478881759,52.9975924848646,1053.22252988838,14.3850650228152,55.100023976268,1042.75895137799,5.0348546897699,7356.08770578063,1045.10077507177
"19","5FU_P2_T1_3",0.200344978562783,85.8710475500455,1653.72567013351,0.196389363101478,111.42870293589,1638.77147996438,0.194308526638489,112.345925085653,1647.61578292649,0.279972868970464,8755.12000678684,1531.15935631476
"20","5FU_P2_T1_4",0.114215935001051,95.5117634203728,1743.02631800497,0.103988350413591,125.472708368021,1731.17141942074,0.126106808150179,128.276067004006,1742.24083377104,0.299713586142214,8709.46923313352,1635.87343564249
"21","5FU_P2_T1_5",0.926040184737505,59.5893555924094,1632.90333232079,1.15640585386485,72.0936826092144,1637.91761352965,1.27376029895403,75.1703258521109,1643.67060716032,0.476688498155405,9166.8516738142,1592.5500035411
"22","5FU_P2_T2_1",0.1891980026261,52.2796480360236,2087.86184743551,0.191039539294671,87.736476701539,2012.12714780539,18.4761989425372,98.9751979232721,2040.33334292376,0.249379144687015,11059.6956333904,1944.91659711935
"23","5FU_P2_T2_2",9.55473279928079,35.2115243333372,1474.75173313108,9.55327851925,39.8604714571476,1471.29930909816,57.7723624817595,45.1979075953348,1472.65399651694,0.539889099960649,6766.64249118208,1429.19284877344
"24","5FU_P2_T2_3",0.0896357356275156,38.5182733183342,1611.38103950637,0.0799947854987485,50.1303395341461,1596.1780803368,0.0105737731048875,55.5425634089537,1602.64328156044,0.355571469594689,7792.33591457561,1477.79194672309
"25","5FU_P2_T2_4",6.93964201946356,19.6650252256344,1320.6897693694,7.04406113417416,29.7117180541979,1318.17296350937,112.362874599291,37.8350405919516,1318.27123585167,4.95025013646183,8009.51993127108,1332.4303896517
"26","5FU_P2_T2_5",0.135309919565922,32.2898038768924,2058.11353772624,0.169656641005018,54.5780564074941,2019.02275395567,0.142409295839736,56.3351488555306,2023.14601642288,0.393254114021573,11031.7554706263,1953.9625433224
"27","5FU_P2_T4_1",0.0287033788668831,91.3517825073216,2119.69151853905,0.0281089731457949,125.675915362636,2040.5788465615,3.26550477923062,133.200116750994,2060.49587549064,0.230137405545984,11306.0561611181,1958.16237972833
"28","5FU_P2_T4_2",4.01853200289706,129.864633496592,879.379954515878,4.17804820528925,138.557962580298,878.483090125232,4.87568979367286,152.150584960067,875.661905453373,3.52472495682737,8189.38129203116,910.396042321928
"29","5FU_P2_T4_3",1.61078640977125,36.7521485616345,1185.12206295419,1.60685786760499,48.0964610066969,1182.2098091068,1.53455549241004,56.9676057687117,1184.17640699638,0.788690752929764,6850.73365949065,1213.82069463377
"30","5FU_P2_T5_1",0.450064231286801,41.6173970524602,1512.84440646521,0.771635179037512,61.0820264662534,1506.6224527569,0.849845488312621,73.8141263468415,1518.47011842659,0.286834057850657,8019.45482249229,1444.05720869054
"31","5FU_P2_T5_2",1.44972843074577,108.701375831199,1578.27291290098,1.42548583062113,119.576548773724,1583.02792655276,1.44355327885182,129.512991838555,1587.74960500397,0.332725402166618,9102.04223231279,1521.69644454743
"32","5FU_P2_T5_4",0.407814668469998,128.545381496643,1669.36701492032,0.380872333217424,163.07350867193,1649.97238591796,0.346414510867099,172.287800382473,1667.31062063051,0.295808189132176,9400.35378239776,1536.18693066243
"33","5FU_P2_T5_5",0.837473822200226,83.5726371834575,1666.55700549942,0.815083885200441,91.2572964967778,1665.39981417533,1.39411329860902,99.9048950978851,1670.91836412933,0.42587297985422,9921.90900698315,1602.93512621183
"34","5FU_P3_T1_1",10.0463074380599,21.4104109469952,1702.7226184572,10.7742191309116,31.5009461567831,1676.50327501408,17.1238237923107,41.4965681885524,1691.56649780004,4.9746261880567,9366.90884248048,1675.29935431039
"35","5FU_P3_T1_2",8.56481102984894,50.2923893366478,1409.13116808094,9.07013974108854,59.6603511405806,1404.99434673254,11.0775917761689,63.1693924144968,1397.05843575416,6.99494278271812,8774.86177855542,1409.80783784037
"36","5FU_P3_T1_3",12.8080305120727,60.6037375066068,1934.67350509612,12.9500627504954,67.7281100485166,1926.90629813381,13.5861784067549,69.5938478599179,1942.28414581526,0.596029941043975,10979.5088210562,1879.08618971233
"37","5FU_P3_T1_4",3.99209242451641,61.3929632903456,886.082475009174,4.32280712121457,78.0172897909665,879.787764931361,4.37527088381132,85.7228483828223,866.03560426788,4.86530785616922,7784.85761065768,899.072879511315
"38","5FU_P3_T1_5",3.82655548186089,84.3806573577751,855.151544119404,4.22980278479146,147.938852798983,839.53515609683,4.13920381291259,163.881859191552,823.657170692297,1.41139913076889,9663.67908375149,874.081890417161
"39","5FU_P3_T2_1",6.16025608556409,12.8099884625541,1571.12144772896,7.73958878196408,16.0996438001422,1570.48958932946,73.905441617036,18.036060722249,1564.91740565139,0.791088315521614,8058.30009764868,1553.07828170168
"40","5FU_P3_T2_2",9.58243714303868,56.2664756277498,1706.72313955405,10.1839067997993,62.9436905588274,1698.8262451664,11.1647689795633,65.2257426639581,1698.09255569772,0.421709961442647,9144.08531799541,1667.59798669693
"41","5FU_P3_T2_3",10.4424160245899,70.4329418676567,1730.12085685339,10.4453720687622,85.5869376291549,1722.69630434232,11.8750448549044,90.0895893946576,1728.84169986182,0.454428570159836,9907.15379335792,1649.53399001546
"42","5FU_P3_T2_4",12.821797684613,62.1517950211383,2065.61349238157,13.4528013079846,102.71906753534,2005.43350814786,5350457.0673754,163.955525095876,2141.81655560748,0.448304949140621,12051.2498935871,1964.11171873687
"43","5FU_P3_T2_5",10.1854887942563,138.92253882886,1865.47445948222,13.9187986773521,169.86658038458,1815.93235956118,11.3988481664166,208.565315750231,1927.82069767578,0.30783494119737,11044.4753336109,1579.23618949436
"44","5FU_P3_T3_1",11.62304998647,36.0134342831861,1627.62208492158,12.2087827850713,38.9477747765081,1625.06294665208,35.1763919948513,40.0908566932534,1626.06122455998,1.26840487598537,8168.80921329928,1620.57492287723
"45","5FU_P3_T3_2",10.6803053523992,49.1013040607075,1670.04684910548,11.8060401937232,69.7658488658707,1655.60666259028,13.6471646466124,71.0400838292494,1648.34147573943,3.25733315632258,10391.3153921671,1677.20026984534
"46","5FU_P3_T3_3",11.3184699982232,22.2596060803871,1558.15328976915,11.7332685152974,25.912872923707,1552.43904476798,12.036680530478,26.6413436666248,1546.2506713001,9.941635209752,8814.15603942871,1531.78737108997
"47","5FU_P3_T3_4",14.880500941828,33.5890076475256,2066.32977940381,17.1100682086394,58.5629322942561,2014.25015838461,0.125804122400799,48.9036225966585,2094.23179100999,0.382104965457464,10880.36314379,1951.84701558068
"48","5FU_P3_T3_5",15.731216526113,187.329305988833,2514.6881608341,17.5,413.744430525671,2310.0752034197,0.266524821752328,271.973524709702,2554.19965884028,0.322436090681286,17300.0206232439,1967.20617489204
"49","5FU_P3_T4_1",3.20667587507257,17.6085540611958,1210.60105131289,3.08428633812478,21.170273551773,1209.55089265581,99.6646552055614,31.6772811130403,1207.95426975906,0.705945293197901,6766.61390049228,1225.26758471496
"50","5FU_P3_T4_2",1.29653848862928,88.9474506870662,1429.11514382821,1.27468857995607,99.1056260731795,1421.4275805544,2.57054325742085,115.160422314453,1421.52688284293,0.352508980555553,7464.06241445846,1393.2880179836
"51","5FU_P3_T4_3",2.81228620408046,45.8527616226526,1220.41106059583,2.94156911240099,49.8974051748742,1219.54053411327,61.9345599477867,59.2840554097511,1205.64090654996,0.824782621927573,6894.73428495377,1215.57428169447
"52","5FU_P3_T4_4",6.65354998105082,44.2976318980841,1571.01555164399,6.12970055852531,53.7021289633513,1563.65482856839,67.0507312587916,65.6451889829891,1567.12057751495,0.613958426364946,8399.89307245456,1599.83873482773
"53","afatinib_P1_T1_1",5.00307280988288,77.3743520876582,1269.3341254253,5.52280076228575,99.6941430623184,1265.38633261031,6.20827777146626,113.015032176247,1249.96624119539,4.76847167013904,11198.7316450229,1293.17024660329
"54","afatinib_P1_T1_2",2.82248720767293,164.472996207308,1569.80685624446,3.49499210689354,177.051288707694,1564.88289112199,7.4824089733593,186.501637212041,1558.29048436167,0.53522423709812,9723.52779265888,1521.76398964402
"55","afatinib_P1_T1_3",3.12343976602643,14.6991391124851,709.421104915978,3.08122368356671,15.5976057903793,708.531885367301,102.283778202841,33.4590647373138,701.705267200717,1.15828917526068,4614.00501321636,708.004992635399
"56","afatinib_P1_T1_4",2.85435347982561,53.5371270097104,1257.01237910055,2.64198380581194,65.7299902783618,1251.95778497871,15.0836224849674,87.9227318728417,1249.41398601336,0.454129081715447,7015.46276774607,1206.73955642216
"57","afatinib_P1_T2_1",0.171460094850173,7.84201416756682,262.350052393539,0.173027830123931,8.09739124280864,262.134197970977,0.010826709324923,31.274618031676,288.503163485429,0.308974738960352,2750.50626326699,320.423217416817
"58","afatinib_P1_T2_2",0.609291678634131,227.331684249079,562.230108881539,0.622159987296586,231.083221115281,561.861651320559,0.641294493695854,275.061511141916,595.775246121741,0.576963579034937,4641.18929202363,631.307998294224
"59","afatinib_P1_T2_3",0.741334925106498,18.4232228389208,565.806715781476,0.724322532479194,20.0173628192674,564.962928698761,10.7023780433553,48.0030506711951,576.753766593226,0.367791579440358,4095.33893882213,555.972843732854
"60","afatinib_P1_T2_4",2.53594837208243,33.3190928487947,664.758513883487,3.52169451431766,49.7525030882208,664.158212332441,6.93638032807865,62.5261827927384,659.750195993952,1.40579973037449,6544.4794757377,694.382143262389
"61","afatinib_P1_T2_5",8.16936070806981,30.1175476449238,1260.86847209624,8.83417559173033,40.1937456002462,1258.13410564931,104.121093631113,52.1191347055882,1259.3364523099,5.00837350443316,8068.34991937344,1257.53953905342
"62","afatinib_P1_T3_1",0.363712988867819,51.2860098998469,308.243893697725,0.363712988867819,56.1212683320137,308.015532638844,0.365214083259411,76.426153360814,328.314712375787,0.519411499166899,3576.36079496931,395.424731351065
"63","afatinib_P1_T3_2",0.127561279020574,10.3411679490747,59.0260648017244,0.127561279020574,11.4389747364635,59.009634059525,0.132592184011694,19.9702669590691,86.6453825082432,0.181682533665942,2727.79567550694,162.643158726435
"64","afatinib_P1_T3_3",1.12474439683204,73.1903586736141,410.81080679352,1.42386491802076,79.1732319134238,410.706374758595,2.02809022397584,104.92856867621,415.172516443355,0.729511630217218,4717.76864912716,515.788618681108
"65","afatinib_P1_T3_5",0.957700843775102,80.8973036499314,232.7534834138,1.07048172577956,88.2579508227967,232.589562880658,1.13283383064429,95.0032025457212,240.283006485376,0.482869052672352,4553.81561653432,419.318086958485
"66","afatinib_P1_T4_2",0.218622017127612,35.9103130239826,132.767959294387,0.223806670508064,40.8475345280581,131.645831580192,0.238510628716987,59.7283041251946,160.708957509772,0.284477861341011,3166.09771982624,197.717114511525
"67","afatinib_P1_T4_3",0.75422513509503,27.8582544292868,242.152898654662,0.793058728693617,31.079181695746,241.998223570945,0.869141322246512,42.1087552197759,247.42715856096,0.872644943512,4211.66962467051,441.750734173891
"68","afatinib_P1_T4_4",0.0332094441116759,18.4453205205387,34.7342736615347,0.0332002882379228,22.7724853566856,34.7901609730036,0.0322074546027618,32.9898289748259,83.3506569959263,0.11676183296298,1182.82192801752,141.018905297576
"69","afatinib_P1_T4_5",0.570939025260461,61.9310186280886,178.320444589343,0.583094640999345,72.6948053465035,178.097566030721,0.602713770377261,82.7582773805109,209.442395730002,0.561763319906741,4713.27641561148,237.182107757491
"70","afatinib_P2_T1_1",0.178989330482939,72.9836321278443,432.967250109531,0.178989330482939,73.2683261248101,432.613305672782,0.00701624512240075,121.028996364104,461.132376911853,0.293398207597782,3245.30454981243,413.475339748147
"71","afatinib_P2_T1_3",11.589488140137,75.0722534597458,1780.1341563514,12.0482703704364,121.236908079508,1760.60136089736,20.9783860523539,129.846799632711,1773.85887434785,0.506883415462479,10465.4447004293,1727.73534041799
"72","afatinib_P2_T1_4",0.217021610780131,20.4555553953428,376.264318152567,0.208450865456577,26.7925126005094,375.877787249165,0.0986275881539139,75.693734129537,407.157153785889,0.265241006751139,2876.92625622446,370.516391024494
"73","afatinib_P2_T1_5",0.218387372391519,50.8398534026048,611.039178831694,0.208932475609051,71.6870498869216,609.816224961351,0.021941121968631,116.955286084015,616.752838183537,0.269105897920957,3750.7975641708,594.22052832114
"74","afatinib_P2_T2_1",0.230303771608651,232.892011978032,745.735358602285,0.237526439911976,247.35879023817,744.592008941803,0.0142245109648018,296.142175026811,750.756260343557,0.265938061649852,4757.26827213856,700.062550545055
"75","afatinib_P2_T2_2",0.262634640897762,38.6696582876873,782.484988364885,0.245516000709057,41.2054821818895,781.461845156382,0.0105774946490629,102.601239712702,797.764263748692,0.34925396332923,4051.53356049476,750.389220943489
"76","afatinib_P2_T2_3",0.101290668068713,95.3454639856971,583.356881037742,0.0971955505718226,136.581549880163,579.403877430666,0.0687379365604344,231.272256524868,683.50493845431,0.189746642502425,4080.10040056696,477.934932887253
"77","afatinib_P2_T2_4",0.0476479261975657,13.088533273929,803.551356584918,0.0517484667358687,20.3359496906627,800.003110354987,0.00239053291620372,41.4631323701224,864.730664250243,0.291214419592555,3104.23302250817,677.862294713817
"78","afatinib_P2_T2_5",0.336070406137402,83.1915348801164,1051.87249077683,0.354533950271972,90.885204111517,1048.37558165036,0.308161135537095,102.05556994076,1084.87483538254,0.311409802832391,6163.26545270964,1024.31591987746
"79","afatinib_P2_T4_1",0.41536789160381,443.860209760065,767.266112176993,0.415385634234815,463.007708079826,766.766703675998,18.5423289529365,504.780994478297,773.237009761074,0.368476615037858,7300.1040590262,703.680944072246
"80","afatinib_P2_T4_2",0.10486704182726,115.209025902859,677.836661905717,0.114528318260215,146.891145177458,673.402123765903,0.111154110564401,192.866251199787,741.138983516962,0.141217531993872,3443.64679612525,611.254886070059
"81","afatinib_P2_T4_3",0.0494034547969182,14.762196205582,361.472340793988,0.0536964675807573,23.0962443152613,359.514983005469,0.0112297300255961,56.8069028081247,423.694353621846,0.192178605331285,2063.19994357972,244.488229114274
"82","afatinib_P2_T5_1",0.0988849009078011,71.3742909340801,587.105861295678,0.0971440919772218,91.8243561557732,583.813679760353,0.0748867190170606,133.381414710151,640.561858627729,0.16403006438814,3195.55355356768,481.699896941336
"83","afatinib_P2_T5_2",0.0994456183569515,54.3808695611385,472.669633973186,0.0918174794940172,97.7649797554325,469.837167279927,0.00806577058551391,175.916780867475,534.141924233247,0.179362646846955,3279.27561171492,413.8895014228
"84","afatinib_P2_T5_4",0.370948103555483,180.407693851313,1224.5606619303,0.392258834583474,226.818755483471,1199.02468217153,0.383729008780039,229.045461675576,1211.26803933125,0.29214149651758,8331.59410608243,1126.6913186616
"85","afatinib_P2_T5_5",0.312957656596313,77.9922982290902,994.321809442276,0.345915991921345,94.2393803337551,994.953033653854,0.311914074511372,116.301939574044,1083.74585899287,0.341045175437847,6540.36669613417,949.821770973035
"86","afatinib_P3_T1_1",10.999366347221,22.6864391245532,1735.38607259126,11.7105440299187,26.2933481560236,1734.19348768901,40.8615846396549,28.1444011862826,1736.91943417579,4.76525460015384,9543.48679201823,1718.21168960261
"87","afatinib_P3_T1_2",9.6894213219523,102.700537581762,1342.28175236213,9.85058765954198,107.31976359585,1340.5698615567,14.3644843662669,118.25086441891,1354.51398166013,7.5789035382474,9248.14166219177,1346.82451767768
"88","afatinib_P3_T1_3",10.2519458616353,120.926317076129,1878.70448057809,10.6758519764491,128.370146638904,1880.68981954581,10.5731450715851,130.890041041072,1887.08102476865,0.399202327765624,10699.3028084466,1826.20891483734
"89","afatinib_P3_T1_4",11.5774230225596,82.1760717613711,1467.69086465224,11.5774230225596,83.9244704964597,1462.86009947857,12.1015501353915,91.7709168097417,1472.66778860211,7.73820487896545,9656.92588951612,1431.64352636022
"90","afatinib_P3_T1_5",13.3591063277317,96.5406569911846,1881.37607599537,14.8850682927558,122.128950092872,1872.52786219005,29.0690007327151,123.397349815236,1881.0278238845,0.946544590839804,12042.9152919291,1768.39883229168
"91","afatinib_P3_T2_1",0.131376699876392,13.4873019847153,1779.71714409307,0.133535933438805,18.2871581016046,1769.36345076124,0.00559334198577619,19.9607071788374,1777.32074344778,0.283172670139838,8283.06831119187,1744.40759385541
"92","afatinib_P3_T2_2",9.26759690356253,36.4259126275344,1447.03586455132,9.26759690356253,40.1020766764665,1446.19826925224,78.8360943396161,48.057890131506,1455.17608745438,1.44001159218562,8389.24024757756,1441.3477860364
"93","afatinib_P3_T2_3",9.35649982191556,53.9739392316477,1575.91532563929,9.5021130367645,58.0680807664693,1571.91073355699,106.674099577481,67.0419778721608,1579.51049641571,0.668111586845577,9029.77951371026,1572.34316980215
"94","afatinib_P3_T2_4",7.26995163699733,58.8613792417736,1755.41150429623,7.27365710140076,71.0542329542628,1750.68721976321,25.2113940983653,83.5929299284968,1752.63914972335,0.516904068899215,10387.0538347504,1748.73348116853
"95","afatinib_P3_T2_5",12.2231255941588,200.665090826288,2125.49314789688,13.8853306443063,215.222130710398,2114.38662587714,15.7693324645758,215.520516119294,2116.03331972869,0.401686356327139,13307.3698457632,1970.06959006596
"96","afatinib_P3_T3_1",1.34969387856026,21.6885981200021,1685.90033118724,1.51036717480284,25.6343869574405,1684.93049684112,20.8714172021949,29.5021462690085,1674.13864258938,0.29852784157059,8368.77537124235,1590.6456848782
"97","afatinib_P3_T3_2",10.2380398894284,83.4358907406179,1740.14237843857,10.2380398894284,89.8380044502502,1737.00168461398,33.913424382057,94.5691732359755,1730.56682068809,1.52382794397961,10505.5562010961,1695.75381677263
"98","afatinib_P3_T3_3",8.26522479180648,43.5630762850031,1862.18008569926,8.91151577780448,48.2847428784947,1855.18762386225,11.753451426718,57.1579839153116,1869.3216720213,0.717374204357707,10649.7000517098,1857.83352727431
"99","afatinib_P3_T3_4",13.8729051866242,33.769434473925,2088.27511530937,15.9202107348757,45.0720889717857,2079.94715244412,47.9225241624503,45.9812421959787,2088.93671302257,0.387578512073704,11957.0141706292,2036.75051721019
"100","afatinib_P3_T3_5",0.98003429735196,62.4453953419502,1521.87418526422,1.12083336541552,66.4987853890295,1519.50731810803,2.18590493663241,86.3789578901868,1516.20174900765,0.333113748823631,9552.1408383789,1490.1072049512
"101","afatinib_P3_T4_1",8.00785666402239,20.6373209046967,961.869416154835,8.00785666402239,32.5799838586872,958.504990834092,71.6405874970229,53.9877608419875,968.854850999101,7.45337204710209,7762.86297552976,980.242692303449
"102","afatinib_P3_T4_2",3.18371501980895,62.9443243504692,975.188993500801,3.59197513489978,78.3014099882383,973.080958166814,153.581948208796,108.320386363719,971.187815966224,0.845366450983771,7817.28241085242,978.666532485449
"103","afatinib_P3_T4_3",7.3307647025433,25.5684196970458,962.343656612577,7.6811366324926,36.8769805085514,958.974395055719,75.7554572921035,56.5934498447992,968.86570264714,7.43402891421071,7989.39578494996,956.634801728439
"104","afatinib_P3_T4_4",1.56176814949206,18.3679046568007,1048.38973584138,1.77639398258838,22.2917445195572,1047.08929911994,39.1554380636981,33.9194592668709,1045.0757820162,0.762538744243738,6871.63180973887,1052.10887531702
"105","akt_P1_T1_1",8.34866094943146,80.604802166063,1303.14179123489,8.78438412406936,131.554715670935,1290.81871462043,9.36030472537387,138.741606684779,1281.7456251084,5.37971109257104,12084.2847052749,1342.8675748124
"106","akt_P1_T1_2",10.7485533480437,133.97114904491,1752.04085783882,12.4086294660842,147.03806900871,1739.86969319922,15.3441393200798,152.348886100375,1736.51178648508,0.956057038563126,10356.5145329063,1759.72827524158
"107","akt_P1_T1_3",3.82926322522802,32.0090149212982,668.934715809654,3.82926322522802,34.0801482428814,668.764561210704,16.5297094053855,41.3085614660493,679.595009508104,2.94740935158432,5814.64744570502,688.339854038806
"108","akt_P1_T1_4",4.38383816034015,21.6670296514927,878.619104753602,4.38383816034015,26.5914755879962,877.911722786866,6.66668789948796,36.1245592699144,883.306698940538,4.77024759208906,7645.9839442129,888.303136480551
"109","akt_P1_T2_1",4.38626303539864,26.8170417303136,731.272508623013,4.53126716343209,31.032812924341,731.070461664738,7.02932702373817,35.6065327783002,734.568797026637,3.96911327554888,6759.68707760082,755.42289728756
"110","akt_P1_T2_2",8.2415603920861,39.9008094001006,1057.5714514369,8.27521596739165,45.9824456083488,1056.46234816034,10.231968823969,64.7675365493875,1041.87414906221,5.52791324580683,7912.13288996614,1031.85996496552
"111","akt_P1_T2_3",4.11977137545548,22.3213984541165,727.745186328972,4.33837571521582,26.143610072599,727.085278398323,7.62902137209775,30.398403161689,727.950924681348,4.80340900967007,5893.09440691976,741.253550524902
"112","akt_P1_T2_4",8.87896173167181,45.159059725134,1626.56751184055,9.45783095427441,61.0429210276954,1622.20775687727,17.2189933684754,67.5770780665265,1613.57204955173,4.55588524886712,9315.91817415275,1607.13622292065
"113","akt_P1_T2_5",6.53736103580966,33.554679716502,1085.08346764648,6.92151837464083,39.4838812978599,1084.1735579833,9.77708483101318,44.7496196610512,1090.29499661519,5.06706298002649,7900.03653517786,1104.7331388989
"114","akt_P1_T3_1",7.86287109340421,47.4560202276796,1258.39865917079,8.0036707406959,50.9268949309628,1256.95376451219,14.9606599164261,52.9547829844029,1254.88137158917,5.1026396809076,7659.72520092507,1245.35889649467
"115","akt_P1_T3_2",12.1202323975041,19.7822693561062,1759.12543570794,12.6727198312759,38.8012125557827,1751.59040135202,13.4819246470933,39.6222130647807,1749.92304374799,7.45085281794205,10909.8584940369,1706.1957433566
"116","akt_P1_T3_3",7.75745616276824,106.733395019551,1085.5748913156,7.82691791646117,114.634093912628,1078.16795718459,7.69980401051956,121.003332437149,1060.44081611307,4.89888567069514,7430.77722898462,1148.0488324762
"117","akt_P1_T3_5",9.27187275028531,36.6099118840187,1710.62176894816,9.47811416644634,50.7424544308748,1670.73172139003,11.1082600785333,75.1236622854528,1667.86709016342,0.65389228887331,9842.06599225553,1651.50855775453
"118","akt_P1_T4_2",10.7840602593143,78.8454011371996,1366.09137484952,11.1690275439513,91.6914412809814,1361.26843245472,12.8347916733379,102.38184195851,1375.17491111741,5.34156359584385,9750.69378358099,1359.36852031066
"119","akt_P1_T4_3",6.67451406737185,71.0904679016717,872.508046219913,7.01795865795876,81.1146784905782,869.89382677693,8.31811626622717,84.1646997937002,862.872314291296,5.04692631485636,7249.68014935431,890.219874310224
"120","akt_P1_T4_4",3.75340211774298,74.2522567152844,674.273089157362,4.21706503839248,80.7799774687039,673.82249043169,4.65166288738829,87.7524700740787,658.586499387528,4.75502338761233,7527.06269497541,702.114075360509
"121","akt_P1_T4_5",7.99031356923987,57.2008178688432,1443.58469005737,8.52546142059297,67.1710713280684,1440.94573538907,8.94842461508911,71.3153773312882,1424.26910154937,2.48359318396424,9378.26946624133,1433.69066144254
"122","doxorubicin_P1_T1_1",2.27256769113419,73.9995996751031,387.063064869506,2.30218230709374,91.2127710262278,386.338758816676,2.31056875145365,93.1393898227061,384.99144770349,3.32923351600767,6733.87005057156,554.477851636919
"123","doxorubicin_P1_T1_2",2.7996678727574,173.591631954383,483.528427021689,3.05092606834664,189.388601577508,482.027693015369,3.2885892285331,208.443609752048,476.891747484441,3.6346555585227,7627.90342414332,612.577050823226
"124","doxorubicin_P1_T1_3",0.33652497267691,65.5378468303429,423.762032147282,0.273815879120089,100.322669724568,330.679429959661,0.294012632684339,127.132522442586,340.526858037738,0.317131211344335,2796.1527826743,305.181903694178
"125","doxorubicin_P1_T1_4",1.29506072449363,15.6518423559918,288.981232283793,1.22319064475467,24.1846540205064,283.178256063877,1.23520424560328,53.5537762106772,272.189615005964,0.934939065031582,3872.64750611323,402.783519929981
"126","doxorubicin_P1_T2_1",0.536121802486338,21.5504241901923,89.0108203810105,0.535555363825584,22.8840657069503,88.7770183068363,0.566748876836923,27.96475597107,73.9599043832084,0.563351861295482,4290.39858172221,135.878200183617
"127","doxorubicin_P1_T2_2",1.53425281302304,194.329197877498,175.699722462382,1.56637304259634,201.475515725328,176.133640950343,1.52367615866008,207.861320682071,163.214883204324,1.02226758836088,4183.44588154454,429.779755572639
"128","doxorubicin_P1_T2_3",0.937335888595638,17.9719157883892,156.057253733754,0.930703033242909,19.7452435570032,155.503527995203,0.90116321554381,46.8379489652895,131.890121868155,0.524386969367439,3692.46047421041,342.463208457845
"129","doxorubicin_P1_T2_4",1.79777437995851,87.277544124178,332.377508522417,1.81208231893268,95.1096829406921,320.811041945332,1.87008164249321,102.072741566342,313.293951667347,1.09546668270338,5161.04080048556,535.213545445218
"130","doxorubicin_P1_T2_5",0.759474850691726,23.6560222529757,111.536193336111,0.758849955174197,24.5117219478681,111.463267144411,0.758468954666755,39.6036722313102,89.5436487882617,0.40282515084227,3404.7500389363,338.45007991735
"131","doxorubicin_P1_T3_1",1.30413700325296,55.2465051583813,164.568367107289,1.30250219622758,56.7370327397473,164.533847864031,1.26896783389212,68.4163441254961,145.898519849747,1.07936023203103,4641.76694198462,426.238291278275
"132","doxorubicin_P1_T3_2",2.48405078879085,23.3457405322705,271.593300498496,2.48354678697602,28.712301100881,271.191891494858,2.47552058268525,63.5374680048712,259.854857154235,1.99148683648193,5391.03298884448,478.469536978801
"133","doxorubicin_P1_T3_3",0.983875782729482,409.067142808976,126.39997638859,0.983282834868181,409.588532418214,126.182146920667,0.91157578260101,447.476917173808,102.311600184467,0.365555653212909,3024.8720531855,335.703613950578
"134","doxorubicin_P1_T3_5",1.12317609642849,110.044665133343,143.958749599577,1.15211662012776,116.840383767162,143.688337111769,1.19301684775424,130.410676099153,133.494733436252,0.514866579040352,3604.41223234839,363.906683209078
"135","doxorubicin_P1_T4_2",2.8627200636334,39.534087430241,360.752943374942,2.86143794264206,47.8082789686592,360.570642456532,2.92611396999099,64.0812694564818,351.737879156849,2.4729246990168,6946.68182263651,502.395039560995
"136","doxorubicin_P1_T4_3",0.857099068976616,27.3074042761349,111.129750511579,0.887097393862816,30.0493674682302,110.897006886821,0.701110026391072,77.979206294284,90.3712316065889,0.511197502975463,3250.64466491721,318.500004007877
"137","doxorubicin_P1_T4_4",0.190251279150301,99.7477669726564,46.4793942934035,0.176670065473629,100.546997629372,46.4134865460994,0.129398034116979,111.048617241304,33.432042521088,0.193122145919105,2095.12884730626,235.082713668637
"138","doxorubicin_P1_T4_5",0.236229317729094,186.532153161849,133.784060008535,0.247044313353994,196.098857513126,133.127935848066,0.293511815457783,255.689922169302,167.295326867284,0.281332373189856,3334.0327849041,238.390114837654
"139","doxorubicin_P2_T1_1",6.31416880890982,108.46483736688,1014.02828583437,6.39244482973268,110.200583295076,1012.7724360705,126.311258007566,125.623562088077,1004.68714232165,1.38267566998891,6995.46336445441,1062.88531423576
"140","doxorubicin_P2_T1_3",6.91306646965758,39.4842737626791,1534.34322812304,10.1182800324969,51.2031256692866,1528.02037041995,27.2015308101638,56.5558502645367,1528.90090048071,3.48483398964736,8611.64004432808,1551.10189598131
"141","doxorubicin_P2_T1_4",2.41565618556725,97.6325593364137,599.233920735889,2.8391520378595,100.11699679508,599.023084569433,5.88095314052404,106.268139412105,594.921296768037,2.37551115396116,6056.98790813236,658.046470798689
"142","doxorubicin_P2_T1_5",1.39066926801839,42.1422482345003,431.453488347726,1.487203943652,46.5353357712174,429.378029496916,1.48037136339851,55.0321372688893,430.858353695595,2.26257348357693,5019.48507201582,500.990020226347
"143","doxorubicin_P2_T2_1",6.33995879058069,50.7023838693989,1181.84593214452,6.44169170177272,63.1385836046536,1176.82683661315,22.4253420846174,85.2892251016154,1170.80655787886,3.92699022414444,7979.55331960837,1188.07453728859
"144","doxorubicin_P2_T2_2",1.01393066639589,92.8711059889817,889.442252936647,1.0397558220245,96.1254217185357,885.322416437471,1.71781684754653,128.956029371508,878.284439524969,0.443802857351433,5826.50380370031,893.884812590348
"145","doxorubicin_P2_T2_3",6.53194853750647,73.4553520413762,916.988840171859,6.79428114525913,83.5930580457974,912.766939818023,90.8297413024072,124.044486107416,912.140709335142,1.0474560871891,7827.6367082262,938.221104700738
"146","doxorubicin_P2_T2_4",6.05267262051252,27.8139565783013,1091.33250091018,5.80731813582199,34.7326899939591,1088.41815689222,62.6715077673089,43.2772200012292,1095.30778700794,4.72103803796949,8242.23075457044,1108.63085265507
"147","doxorubicin_P2_T2_5",7.13648725912616,56.4822913795287,1197.85144766414,7.37527508079616,67.1669030493283,1193.72239254799,25.8951865541549,78.3393550349344,1196.90097412381,7.36362779629505,8945.54741665628,1200.71764894564
"148","doxorubicin_P2_T4_1",10.6679316751759,154.335692215899,1415.56808669915,10.7248125567564,185.037892834377,1379.19005673261,11.4355788801951,208.332666976097,1392.54585578314,3.72365857581647,8932.13423358922,1377.10801999939
"149","doxorubicin_P2_T4_2",1.37729625121144,55.0738093814128,453.197277815148,1.4581798590946,58.2892271705353,452.378435395421,1.54818515222839,68.3498534047975,447.27857285615,1.19301161313611,4042.84409640305,504.197271886836
"150","doxorubicin_P2_T4_3",2.85220329570537,36.0625896092609,616.163391513272,3.08726564142447,45.4107821945349,613.298555028004,73.1523015813637,67.1674844839321,624.77552803354,1.30172494907331,5261.23114396143,650.923270674765
"151","doxorubicin_P2_T5_1",5.67009435959719,73.5446486511114,834.982499137134,5.81541843108034,79.0817119930642,833.900855028219,84.2377272987369,92.24534513766,841.352245919567,3.63363898381145,6709.4878965411,872.941532703372
"152","doxorubicin_P2_T5_2",0.675203492294585,53.1745510184861,442.999132507453,0.694944837999438,53.9900352837911,441.610165118636,1.59852323836051,95.2923523342319,437.365389551978,0.763439643959468,3089.51858925658,500.985409083645
"153","doxorubicin_P2_T5_4",11.8966916093002,92.7159927374316,1886.71424682948,13.0645087722755,111.497389454735,1861.48611344033,14.9168128472927,112.493871106112,1858.39172235038,0.705490977877036,10403.9040921346,1817.94387307529
"154","doxorubicin_P2_T5_5",9.26600260775687,143.269421019465,1533.55562080161,10.3581601072474,168.845504554046,1526.6822299264,31.0238564682859,195.454338998132,1520.05045376675,1.17475085910684,8993.78765533256,1544.95982597486
"155","doxorubicin_P3_T1_1",4.88876019985536,30.8068803344037,1011.94613298014,5.09996846290248,38.2152574811837,1017.29120138717,5.10038335784385,45.2819787487025,1017.61137233665,4.97850228887476,7553.7196356826,1033.71205728006
"156","doxorubicin_P3_T1_2",4.37180575973943,61.3873897470276,866.889825701976,4.45146218459559,68.1608513645398,864.666921867336,4.40303404817409,74.8833553592505,859.161901495597,4.83014683720726,7806.53066691391,896.1698736254
"157","doxorubicin_P3_T1_3",5.96470786899412,36.8080686299157,1096.5519276624,6.25399725715711,62.3174670726599,1088.44941051763,6.85193948566506,69.5742910957594,1082.98100802828,5.02288895464206,8789.91859485858,1093.85712305137
"158","doxorubicin_P3_T1_4",4.32966743767415,49.5475010441461,939.844167585232,4.64230819125856,70.0115054746173,930.27462154082,4.77342918706608,76.5244217392235,920.374992836003,4.8793431476379,8221.18190533436,955.220928631848
"159","doxorubicin_P3_T1_5",5.22319369900969,26.9481255222791,1154.25324443728,5.48961358344113,33.9801534447503,1149.96584047882,5.52426638761624,36.0612918393608,1142.65571583353,5.09190017412115,8152.61476601535,1153.47444523731
"160","doxorubicin_P3_T2_1",2.49559083499137,24.4916484923915,1001.95355175321,3.00357992224293,26.5110111503697,1001.66528557022,4.1041707742517,30.5593977789459,996.334569673105,3.94675287793835,6943.57343591806,1026.71037092264
"161","doxorubicin_P3_T2_2",4.74152614576802,31.9848301199097,886.739816859549,4.74152614576802,33.9282843466187,886.497965068465,5.90636648298175,37.6318728884098,888.865338206443,4.94291770291646,7541.66837898414,892.132569363446
"162","doxorubicin_P3_T2_3",4.65599379400407,23.703105144871,929.244458568315,4.91060845237202,28.498619957961,928.119687856885,5.59742005929835,32.6403787435816,921.894129225132,2.51868289662107,7375.26742651071,924.114364861892
"163","doxorubicin_P3_T2_4",4.03535396870925,32.0002440134501,951.493195530188,4.21007072127457,39.3009918009127,950.023606411416,4.56836393368855,44.2299709567909,945.422001096528,4.81580626542536,7966.58588395794,969.20972208266
"164","doxorubicin_P3_T2_5",7.15935650782674,49.2412026085596,1262.42642991276,7.34648591186281,54.7498276490787,1258.97516118398,7.51524099273771,60.1277695786617,1245.04152135278,5.11408718556967,9073.94895848593,1246.21335460509
"165","doxorubicin_P3_T3_1",7.05160135508812,13.8287106876838,1349.16767900733,7.18812615054727,16.0434511714546,1348.71502436772,8.52177978527219,18.273956716323,1345.96481577273,5.22690704506905,8506.17966628918,1345.33099639897
"166","doxorubicin_P3_T3_2",9.44822910422938,52.2122802730171,1699.73380744131,9.98128809370155,61.0843607267607,1691.50840204644,11.4561752213702,62.3743761048107,1681.46137840787,3.69633421755328,10765.426933182,1677.90560562034
"167","doxorubicin_P3_T3_3",8.33391679817906,26.2856213158345,1484.3428610377,8.80879756758631,30.3909138565876,1480.94202107368,12.9155396928814,35.2856764057398,1483.38239524275,4.80979615603446,9010.12033532956,1490.00230315712
"168","doxorubicin_P3_T3_4",7.72445972186025,44.8176612048074,1156.14956297005,8.00865831267917,47.9718803407005,1154.14657512376,8.66100393643014,49.3040666777309,1144.69279706272,5.21266099057939,8599.60258361915,1160.78017835874
"169","doxorubicin_P3_T3_5",11.0996135873089,53.747270181341,1796.40456272407,12.0614011773034,80.0735611264014,1760.95451397998,12.7987556672489,81.4196741326412,1756.20275968571,1.19832885902535,11554.5559382135,1720.96297963768
"170","doxorubicin_P3_T4_1",2.30961248780505,19.3891253519579,296.039243916418,2.36092088313407,22.5429983935703,295.865642270565,2.4480742640105,44.8158269032738,287.915749049146,2.68190224289743,4820.21298743411,446.027953894599
"171","doxorubicin_P3_T4_2",2.33071345519207,72.0955821465886,566.549796331454,2.32195473815631,74.599621883922,567.468054733429,3.21535217994448,88.6153470726417,569.357131241685,1.67820159428771,7298.27324384139,593.075120706293
"172","doxorubicin_P3_T4_3",1.86283200111748,18.7732561380817,255.135911323883,1.86283200111748,20.6106878862863,255.026025385212,1.98880962812522,44.1660734505553,245.334882679784,1.76776720848752,4792.65166341375,413.80240720893
"173","doxorubicin_P3_T4_4",2.8774797013792,22.0068812530986,426.42349581009,2.95751044449852,24.7570410791923,429.638413504024,2.98289002921882,37.0658083756193,424.385971592042,4.60346659522804,6888.84792647759,546.035782765304
"174","irinotecan_P1_T1_1",0.784490367496266,167.056908521465,334.460008769153,0.815162498896047,177.988657589861,334.196425327551,0.775818134481279,189.373736133496,332.905302688675,0.326530162518691,4645.10950938481,408.850177015699
"175","irinotecan_P1_T1_2",0.852713133862168,79.5510318262163,225.4482209381,0.857128962538797,83.3220765069589,225.484062837675,0.83781058806345,89.7373257118847,220.909435914225,0.431334753574679,3551.58795858735,359.848583962732
"176","irinotecan_P1_T1_3",0.311163323941911,1.93518139323262,150.657040555281,0.303000532837019,1.95708296565052,151.15878963989,0.292048298898983,2.86088651630024,147.058659019519,0.340783750016596,585.911303758017,148.187040065136
"177","irinotecan_P1_T1_4",0.18021716385903,15.9959938587592,146.652706280737,0.179552241863312,16.3045442434516,146.80915470611,0.164947874902344,19.8272949248924,139.185648238022,0.240608656176369,1149.62061033939,126.096146097205
"178","irinotecan_P1_T2_1",0.185991505575793,44.0381508809046,17.6499331040358,0.185840533367298,44.9867976890404,17.633208124726,0.188849866661156,50.2647943739425,3.27497346311006,0.144853833281191,627.810209157701,75.6058173783572
"179","irinotecan_P1_T2_2",0.090992501135865,51.9116152585208,10.9360828496606,0.0945095211936139,54.1649858565434,10.0747236211941,0.0898731449550505,59.0520992144863,8.94340119159345,0.139232144303988,616.129067734284,67.5656315757675
"180","irinotecan_P1_T2_3",0.221331477641331,2.32405283644793,36.6084944169864,0.216357544107768,2.36829221331927,34.4233915730452,0.217237444268804,5.88474985599873,25.1041247428331,0.211842196503596,313.489547612045,39.7801309408421
"181","irinotecan_P1_T2_4",0.116023490736754,32.4844988808358,99.837097767988,0.116445817192267,34.584651694419,82.4357978375491,0.136656039522687,64.9515866043533,62.1857010875033,0.130339416737971,1124.1753557617,86.2378440235662
"182","irinotecan_P1_T2_5",0.0998766152209405,2.72755600184213,29.3681060810179,0.0995853525802892,2.73060454263556,29.7150244717992,0.0720967644177293,3.45738486867398,24.6572707511571,0.113827783701494,497.673631223303,68.7693893306972
"183","irinotecan_P1_T3_1",0.65698441645309,19.6749865174561,54.7015646642406,0.657919038600512,20.6046340779995,54.8177435231416,0.626849386641519,43.1321771023613,41.679827031131,0.39959599427578,2261.76599151153,255.507398242288
"184","irinotecan_P1_T3_2",0.32481635955764,5.46488562553141,48.0777583637134,0.324217401713877,6.05694382597527,48.2680110174489,0.282818298016104,10.2538005322953,36.3965008842122,0.30955621493125,1333.983713085,100.880568702055
"185","irinotecan_P1_T3_3",0.523639803348652,72.1407527980503,88.5080541863661,0.522442979420378,72.8569252089664,88.9343014744166,0.436362205988124,77.65521509523,83.902873848112,0.248305174141449,1001.9654256004,142.325184891823
"186","irinotecan_P1_T3_5",0.212002480291324,6.62569160529449,40.5984633001674,0.205737152100968,8.07775344789626,40.617752059892,0.231514038193194,18.03700506896,29.978728735928,0.241294123135599,1005.73890758628,86.8057938300477
"187","irinotecan_P1_T4_2",0.741043931496646,25.1937943684892,102.481186296873,0.740508772595975,28.1758646232157,102.745700591529,0.750517454978593,38.9994351898364,101.5532022177,0.558920174625415,3665.25970009448,183.43651818949
"188","irinotecan_P1_T4_3",0.459523120480399,2.74785283179209,28.7634966288011,0.499875800250126,12.0059149569722,27.9344268890594,0.500176564267578,13.2576173846886,33.9718905362605,0.381026685610881,776.95773792303,93.4552202899564
"189","irinotecan_P1_T4_4",0.309282955658481,19.7952979964012,21.7606031894894,0.308558802205862,20.2025772648257,21.9805728593549,0.358081150559669,24.2713312792175,22.2277915998198,0.215267874766598,544.711810913426,78.4139065949679
"190","irinotecan_P1_T4_5",0.667405913899031,118.785515214412,42.8095225848609,0.943377226675091,134.217923949053,41.2237588314899,0.946828424298293,135.726675925826,46.7832441499149,0.14551197146892,779.163130222723,126.191225683192
"191","irinotecan_P2_T1_1",0.157809811579572,68.2848012722132,108.518272430942,0.156943391808061,68.3536924622109,109.070674481136,0.0992190606488516,76.1505326366385,96.960012672862,0.142290161506798,1282.23073388663,120.020978734124
"192","irinotecan_P2_T1_3",0.087402041983276,10.0823085030093,50.2636730828887,0.088172485298559,10.2529243533865,50.1336641541382,0.0156159400016192,16.7587212711603,57.9325357629804,0.157030423132814,461.624339260683,84.1986528797862
"193","irinotecan_P2_T1_4",0.0331138561363117,4.82614580876988,24.9811030652543,0.033064004829069,5.03188956572844,25.0181785275863,0.00137474360950162,7.73515743407335,38.4080908684998,0.0933600656385316,350.616535867268,57.7948376363065
"194","irinotecan_P2_T1_5",0.0420066762825579,3.46958800867225,67.1041466527557,0.0408500189932619,3.9321826492816,60.301236287741,0.0177350162546498,5.7453747305921,56.2108807897321,0.105859677688784,319.301180165086,57.1017275229925
"195","irinotecan_P2_T2_1",0.100059573847249,10.4234732102612,117.810199060915,0.100209406957846,10.9929014560636,111.567390003732,0.053184562149129,19.3362073685755,101.183564880196,0.166213770981579,1037.36391169376,161.808670575738
"196","irinotecan_P2_T2_2",0.167508660833813,7.7801357947935,49.4379607540245,0.167680203448509,7.87133511423673,47.4858166655472,0.166285493271897,12.6260174400275,35.606946031048,0.212401282600334,956.145789978216,69.5349760936739
"197","irinotecan_P2_T2_3",0.231378237611394,4.39370832070044,62.3734707614326,0.228013890248131,7.18283122981452,60.509076898311,0.245245515301284,16.6747912098879,47.2465425525384,0.258647814586726,1155.96492325489,170.344894866706
"198","irinotecan_P2_T2_4",0.17593288422715,12.0650844580942,213.189577350358,0.164618475899816,12.6940607298883,203.82269221178,0.125415117058142,35.0143536599939,180.784667237354,0.242558772642258,1976.52611718947,157.085460489305
"199","irinotecan_P2_T2_5",0.253945770228963,20.6797893259309,141.136833762101,0.237241806068599,22.2851973580084,136.025989809071,0.228747214339623,37.8129092852041,118.403868461633,0.23096262832381,1439.3582933938,133.49114385533
"200","irinotecan_P2_T4_1",0.544124236409122,49.4720705444608,214.79834467349,0.585413349493248,63.3635806595935,214.893907814258,0.605443657537934,67.6007249786985,212.629943954787,0.356359827507856,4013.93430212413,225.017672804191
"201","irinotecan_P2_T4_2",0.0896553584257525,84.7541835464168,338.056572579853,0.0857469160483524,88.8421474589107,304.840461410022,0.0563208527674424,100.548270326286,296.056694091413,0.0922793189832242,1496.57553431643,174.599849612185
"202","irinotecan_P2_T4_3",0.0956459785293804,17.066761856885,89.8593743093729,0.0962252944499095,22.1430588022139,80.0426709578478,0.0906534359998892,37.4162195518598,67.7406555275966,0.129959225021076,967.886147492882,86.3681666803116
"203","irinotecan_P2_T5_1",0.190712417448687,15.0126711867777,133.672328394369,0.169804942404854,19.9107935054526,123.219591227645,0.16439930292161,33.2036222826218,108.685058768653,0.19518145097305,1710.11589289108,213.239923038466
"204","irinotecan_P2_T5_2",0.260929978776887,10.3826264744813,57.9556195675879,0.260786561219628,11.1011171782725,57.9886198530004,0.249798654442139,14.3056715565052,51.473826765616,0.27381761525619,887.0427096585,86.1650821722747
"205","irinotecan_P2_T5_4",0.255154208521923,56.1065564573599,360.476997085338,0.28761922377474,65.645653076433,341.155211470673,0.30180332670868,91.8463308373421,326.36727577509,0.3086941119871,4153.77824221495,297.409645108781
"206","irinotecan_P2_T5_5",0.454775939639773,17.247232476064,81.9179550670149,0.453988966738853,24.236014356668,81.4858599305655,0.528217919099911,36.7769586119996,69.7669350775592,0.40398891107504,2600.72700156844,139.1840859413
"207","irinotecan_P3_T1_1",0.0973973140918324,36.2928730630356,824.49114271696,0.0787156322975783,67.7372674751005,706.21722807062,0.0806094623194815,72.0103841478011,710.476836305508,0.184536307672127,2675.14076416582,597.702725175648
"208","irinotecan_P3_T1_2",0.0723984441359978,50.0674669633848,398.746515404105,0.0703008495753836,61.4556430325381,329.451423065676,0.0679122410941178,74.1737562675681,339.863970519869,0.126784939075778,1579.25655083658,221.436068624511
"209","irinotecan_P3_T1_3",0.12433032690602,24.4367514677726,534.186082505449,0.103792347417444,53.1372550421445,424.326871266377,0.102273984574612,61.1929090915488,422.808051032869,0.200677877260179,1791.57840474506,293.45618303206
"210","irinotecan_P3_T1_4",0.0461574354885888,45.0806508956003,724.950970297152,0.0344949485219775,142.736628970794,508.830624078092,0.0326818556492119,144.107351130527,510.262366008463,0.187474338229613,1736.71069020898,311.588824821914
"211","irinotecan_P3_T1_5",0.121824621678157,71.6611488746836,744.479214320091,0.106626258997979,102.204539015816,652.828390569213,0.112132759063022,107.677246898005,657.093493263174,0.221620858188914,2630.08063835164,541.314291248049
"212","irinotecan_P3_T2_1",0.215793820276109,17.3467729596186,709.964325296565,0.183278557878497,37.7368499079216,623.170104624835,0.171167204114385,37.7771559509792,623.420202037075,0.225485244471512,1309.97289526145,599.632562635573
"213","irinotecan_P3_T2_2",0.101563046431327,19.5937912379942,366.363401660115,0.0801694736204955,32.6558039659781,293.716209772129,0.0767802435161747,38.6311286162979,296.26632532056,0.20354791737611,1046.5001118719,206.078455228273
"214","irinotecan_P3_T2_3",0.112777047470989,11.5179736147606,385.562330938777,0.0944590374355067,22.6467355427983,333.414704098505,0.0965174026095545,27.6905707908887,334.26146232451,0.144028325338255,915.068538504174,272.309454892688
"215","irinotecan_P3_T2_4",0.0869388426890214,21.199657261456,545.883482373165,0.0572483586337287,35.420148089551,484.478184181898,0.0502549427720366,41.8308384575958,491.297382396565,0.13100258335021,1398.53668102628,418.06364258759
"216","irinotecan_P3_T2_5",0.0571965365863182,13.8671437100219,414.391635050202,0.0470773272286862,33.44239679791,323.040508040707,0.0408281314183136,35.6838610251722,323.180819277869,0.133918778214658,689.089948955903,222.749532605009
"217","irinotecan_P3_T3_1",0.2086120077252,28.1767281606994,702.052703517787,0.152800477142628,57.3075763051346,590.436922190232,0.153264277754695,65.5708776451709,590.688708637016,0.155139282742358,2188.87044841922,553.895400340896
"218","irinotecan_P3_T3_2",0.0905094051984266,13.786288164964,411.770617847854,0.0736984734966036,29.2102439633421,339.868039836173,0.0725577623268177,35.7972890942548,344.902248943923,0.149311278745296,1145.1433177762,272.340324956216
"219","irinotecan_P3_T3_3",0.126554542122417,18.4950420393322,602.175786062808,0.110295024060887,31.7665586146553,529.104473218923,0.109693598247356,38.2832999962921,531.830034916888,0.208559787150781,2175.26393186277,463.283830153555
"220","irinotecan_P3_T3_4",0.489024956386717,40.4794847771857,387.171523836478,0.481532389739535,40.7741656006629,383.492621805601,0.480838438481771,43.368615741534,378.902857068175,0.518750802850639,3312.38899316376,359.63956942931
"221","irinotecan_P3_T3_5",0.250452591320465,35.8178025363696,403.797769440741,0.248064605181198,40.5948524555551,370.225974803496,0.203553864071866,57.5075046862437,357.332501156978,0.235636117804824,2260.11775504894,302.170751004591
"222","irinotecan_P3_T4_1",0.191013768632568,1.00001031041679,7.94399469732392,0.190428147986248,1.00340699377962,8.08149202777818,0.18630800584261,1.5864832440656,5.85881595099873,0.170251237537224,74.5262072711672,21.4729732426158
"223","irinotecan_P3_T4_2",0.323585867302894,6.2352539661158,34.7196248591129,0.323080562079531,7.25817350367252,34.9400969837481,0.306431664160157,13.8939149396874,21.0759812791594,0.293156495548009,982.659723652816,89.5829237168458
"224","irinotecan_P3_T4_3",0.194352917022648,0.42684087671429,6.99201404931422,0.194352917022648,0.427268325934351,6.98013195320218,0.208565537985659,0.939105444431897,6.58665116075383,0.159055245430575,55.6393771084442,22.0106571250191
"225","irinotecan_P3_T4_4",0.319513313031813,14.9108102793691,52.4931808517973,0.317172576433528,15.5048842870387,48.5307742861036,0.3300291494727,17.4255586398751,45.5179273811401,0.350090277818961,1322.82159705221,95.4657410899961
"226","MEK12_P1_T1_1",2.06456080460927,91.6187041541378,2035.37987328757,2.38160182143135,147.19245769248,2018.14752926483,2.26451219484246,149.407941363004,2013.47667141712,0.541818156813387,15157.4199246038,2011.70607407767
"227","MEK12_P1_T1_2",5.37289110334627,70.4582009839559,1912.60313281405,6.60280511834116,117.849454098352,1880.41117644209,6.65837365395966,118.20996910027,1878.55978189772,0.410717302153816,11285.294001407,1861.32718526708
"228","MEK12_P1_T1_3",0.788403185407801,33.3131515206231,899.506024386389,0.753044607688254,34.6087602188245,901.16880189857,0.764910219240969,41.8250379639396,895.452398375496,0.426688399311208,5431.89825487771,921.488264745078
"229","MEK12_P1_T1_4",0.923060572480592,48.3279924491261,739.297564123353,0.883739210954472,50.4173155645471,747.527757937711,1.04066674157045,56.4857978101495,748.311092813066,0.513996244354215,3981.09064931341,770.530623550419
"230","MEK12_P1_T2_1",0.0636964010796217,4.72169482924194,26.9389164315176,0.0635478206832137,4.72204857173517,27.0912789962051,0.0389284731725123,4.87655537838984,27.2470662719163,0.117264626543603,556.992658202232,68.1310816000258
"231","MEK12_P1_T2_2",0.447014102574949,59.8356164522305,99.7390531433579,0.447014102574949,65.3672402833295,99.4011089591663,0.516728827791403,72.9783744554739,95.9878074967154,0.421802000951179,3505.51596214771,171.199237803645
"232","MEK12_P1_T2_3",0.394520690534879,15.3454850909289,386.101299864069,0.384035092188341,15.9935414134009,387.465440320313,0.319017215639903,21.413989268265,380.891792168544,0.315080021510909,2275.3380613884,369.867790603578
"233","MEK12_P1_T2_4",0.43321942731067,30.410874726436,119.850851723826,0.441666456010899,32.2223022687836,119.650518715392,0.451925054562489,35.9865301691707,125.901216833181,0.4179677213586,3009.19695066584,180.950377235763
"234","MEK12_P1_T2_5",2.28137706527219,34.1292294874424,513.323004415976,2.25981957445106,43.039191185569,514.658299713491,2.37386260025071,51.1192397648674,506.69881327342,3.64576873011722,6057.34170221485,586.129420903883
"235","MEK12_P1_T3_1",0.175362527327162,16.3394077652008,80.1838146772754,0.174448921071538,16.4382154505516,78.1401569949159,0.16614740783867,19.6099769662928,70.3901718564293,0.204336384554103,1674.2640201853,96.8971598562435
"236","MEK12_P1_T3_2",0.801158695079868,39.2631989252874,317.540605365453,0.825586009043952,46.8615622693242,311.500316623126,0.820664879589765,49.6192106683245,309.829117169754,0.596335660757432,4442.7317589509,395.59983299314
"237","MEK12_P1_T3_3",0.463397274611198,46.6494639592174,778.096549109027,0.501316460433118,50.5646936982831,769.837349899092,0.501726849886031,55.2626603588421,765.281350684257,0.384382070150302,4400.62949433161,728.214233918567
"238","MEK12_P1_T3_5",3.23725748795888,133.145328823745,1427.15014266623,3.57859553489218,155.082510053427,1418.48061976856,4.18390745063936,165.14835590412,1413.65652508268,0.58120206966821,9452.11212614377,1452.40234492497
"239","MEK12_P1_T4_2",1.55066135941231,557.074621464141,294.607940784072,1.40499579617678,607.521209114089,289.489689814002,1.15873820024547,690.691040076249,270.949343092624,0.132095569006815,10856.7788398828,383.513834490412
"240","MEK12_P1_T4_3",1.72145371526217,87.4731575091235,337.87311638342,1.79211775383447,96.1949625038267,336.570087840115,1.70658830733165,101.508681453243,338.650888810625,1.17667649294363,5838.02203894635,532.978234067324
"241","MEK12_P1_T4_4",0.090189289953505,54.9291789679769,12.7850094898137,0.0869339109860481,73.2282471955085,12.6918146353127,0.0713374771254773,104.186000821399,3.81245764247378,0.126457531572985,1321.57065203915,142.016592347266
"242","MEK12_P1_T4_5",1.74719611887376,62.507808411152,487.904802767428,1.79683371588264,71.8296006013374,486.742761852752,1.84788632202668,77.9616294704777,487.503244791468,2.32982888631011,6272.03929810768,583.806965885663
"243","MEK12_P2_T1_1",0.229646155564458,46.9789979913301,947.466558455099,0.204931633614212,51.3853608822462,921.940717017995,0.177072041298179,54.4349003480381,918.063403638931,0.207834679001305,3952.29586100068,866.036730279448
"244","MEK12_P2_T1_3",3.59384414616196,160.936729621318,1073.71113397197,4.78182384654905,182.364935860135,1067.41331675632,4.37000396822927,191.76083410829,1048.35652623428,0.712920815789316,8104.59564682918,1069.48980185821
"245","MEK12_P2_T1_4",0.415608578804169,37.3185390042677,425.596131172048,0.415608578804169,39.1479547808717,424.394315482763,0.410093364648579,44.1513755281616,415.635493019082,0.403458444939458,2805.77961818277,425.996809660084
"246","MEK12_P2_T1_5",0.778352679049626,30.2924637713109,925.888626139642,0.880909320104071,36.1818230884889,922.608827954205,0.892227689874192,41.311703517177,917.818343688684,0.555555195550162,5054.17659622276,943.05038912505
"247","MEK12_P2_T2_1",0.834627645442105,53.7214046848777,1533.53685747263,0.892352218727081,69.105406939114,1530.4054392272,0.933471196723924,74.0637174098244,1540.91223756925,0.35684779830358,9825.52243616489,1490.29470142061
"248","MEK12_P2_T2_2",0.844959141610264,73.2184075500301,1339.64186917583,0.851536531705443,77.8989400235872,1337.71079417997,1.03355735543559,86.2494559985765,1339.06004250591,0.380339336521138,6622.94364505628,1283.64537299188
"249","MEK12_P2_T2_3",0.389204907054633,46.9824849206427,1086.53044017566,0.421699860007821,63.3472233227834,1083.88302400462,0.436994541999854,72.8250716921722,1089.83230953189,0.278761322716838,6928.19887902177,1071.85379307999
"250","MEK12_P2_T2_4",0.447887380786034,28.8964607974496,1319.09591774492,0.422101008464302,43.0032021432003,1325.99802469069,0.650205522114994,52.1708107546801,1328.77924966407,0.302148267430919,6492.49203251782,1293.16389768232
"251","MEK12_P2_T2_5",0.701884151796574,48.0257826404474,1382.79347466259,0.755376172383978,61.5098371991396,1388.78507043949,0.735523212771534,67.0213868203494,1390.50603731195,0.327638022005599,8056.89033025406,1386.27309168079
"252","MEK12_P2_T4_1",0.929077261255204,284.207663720393,1474.40567981433,1.61252383321179,312.948540220786,1471.51056224823,4.29247516432709,331.389253849759,1458.04764401262,0.328196026311137,11133.1649700317,1374.34907181058
"253","MEK12_P2_T4_2",0.378060596336953,39.6392196775185,1282.95211031396,0.358427907148643,52.1644485826912,1274.4811673722,0.333414448752167,60.4380101280701,1269.83030670827,0.337380138222417,6703.27535613117,1212.12418322452
"254","MEK12_P2_T4_3",0.171612406008419,65.3224453729245,752.05986023994,0.16346592685335,67.9220352103067,752.075697548704,0.0989881491805791,76.8263810991704,758.311901195513,0.326863011323709,3877.08379933751,655.008250878651
"255","MEK12_P2_T5_1",0.567320501171463,164.912490865267,1005.01738910544,0.540898001327507,166.78360781424,1003.89934042546,0.545260938006715,171.631386666407,1012.69434415333,0.280393630052762,6174.05131432482,941.219400475431
"256","MEK12_P2_T5_2",0.32551560328364,54.3055001743502,789.140739860618,0.317827232037652,58.3198507738547,790.873813615855,0.271045330130412,67.1101009621164,795.879591296062,0.328670909311756,4611.52073603333,652.20926557459
"257","MEK12_P2_T5_4",11.7396452773582,124.784289959156,2139.62232951512,15.4426277504047,159.506496583032,2135.23996225275,28.271170680326,167.610284546277,2116.82359415872,0.549016532112082,13721.1403990715,2092.85043737454
"258","MEK12_P2_T5_5",0.99075930019572,182.228369225166,1641.40149803653,1.04706863386291,200.333131493993,1643.48819374072,0.80525224418966,211.536275715254,1648.72367307545,0.442342326225122,10163.5831107404,1602.8344743331
"259","MEK12_P3_T1_1",0.428968515039599,26.8847538964153,1372.43654365237,0.325548260383114,29.2763489006431,1361.25386022481,0.417013405741969,34.1588655099795,1360.4673865008,0.474604964337212,7095.44113167959,1343.55241431237
"260","MEK12_P3_T1_2",0.240302070608044,47.6184040083347,1180.37860767742,0.230227582583428,49.6032550717371,1171.26009928469,0.18395036060841,54.109169063062,1174.55255061702,0.326919600873454,5776.89226135685,1112.43115483483
"261","MEK12_P3_T1_3",0.418788609387953,91.4371157277641,1187.93211106809,0.36762801131014,97.148354908484,1180.13578873285,0.351695910215031,107.456257158205,1168.25063795584,0.308787162164278,6611.91366867649,1070.94499944155
"262","MEK12_P3_T1_4",0.260098864573488,53.0098517429608,1397.75265178987,0.244018101251125,58.2968717704766,1369.26700337809,0.212368908257185,62.1125735588817,1371.05199596424,0.254709592409683,6854.25727408978,1265.3916392734
"263","MEK12_P3_T1_5",1.02756940890079,84.8752492574776,1217.42243324579,1.01601572696674,87.4366571838123,1215.10160088687,0.869553796413588,96.6432931424354,1211.1222528531,0.275760603427099,7475.03154932645,1200.50763487073
"264","MEK12_P3_T2_1",0.385879307923679,25.6565996480182,1599.80095779829,0.217524761367608,31.1189356710913,1571.59449787039,0.224081380694255,32.3797286478297,1577.53483118316,0.223013763902067,7231.85987533167,1544.11813970002
"265","MEK12_P3_T2_2",0.275645004681272,37.7275198075828,1593.22015752577,0.233326230546084,40.3873437403205,1583.68449759814,0.183658570857454,43.6743605327939,1585.85050372061,0.275850809375655,7921.67114040221,1535.25748715379
"266","MEK12_P3_T2_3",0.437942060874926,51.8787372532282,1653.75474025277,0.447077990097182,55.0432833745227,1646.79449599276,0.480582672376198,58.5037401313972,1647.8155732171,0.291295142361639,8710.24507922606,1582.49029727108
"267","MEK12_P3_T2_4",0.206721787492942,26.4919564101891,1389.6615750992,0.179459820819995,33.7254346986647,1358.17560365253,0.169587729688593,37.0411132536428,1356.94086389222,0.26712330215812,6889.33867901505,1277.76562755823
"268","MEK12_P3_T2_5",0.445745149160803,234.345688905713,2046.15292982891,0.429021104963265,243.299980576867,2029.12458899935,0.513374667738038,244.42198867424,2028.8105777479,0.374535309379021,12177.0131932069,1909.44268196929
"269","MEK12_P3_T3_1",0.511598234987139,17.5227640711,1408.01185796883,0.306856411960052,20.2693706447983,1386.76027397228,0.36776546667859,21.876036702195,1387.417734876,0.40513063939433,5842.44257244166,1359.41199335189
"270","MEK12_P3_T3_2",0.81609183780104,33.0564791073663,1721.99894956533,0.81529239145997,35.8021072697217,1716.73326056146,0.918821478044861,40.1160214725882,1724.54475906676,0.371027616022366,10079.5798587239,1684.49971614283
"271","MEK12_P3_T3_3",0.222606297154703,22.3403134455567,1399.45223772585,0.234410591711509,25.2354668230724,1391.28406545225,0.208389816805604,29.9150985391194,1395.19751431121,0.247049477277324,7005.68129931211,1362.95930710129
"272","MEK12_P3_T3_4",0.505624061501826,22.9576137770713,1546.14588392675,0.499090947963335,23.776437602105,1547.54677851087,0.461976318980111,28.2665107916735,1549.72476330127,0.390138510612293,9267.13083184745,1546.95240558875
"273","MEK12_P3_T3_5",0.398271623042326,36.2680956131013,1034.91426060849,0.410212918923405,38.8277737520532,1027.65193353135,0.445798111108388,43.2909762944424,1031.5728637454,0.285033860989578,4063.30329614049,1000.99737729014
"274","MEK12_P3_T4_1",0.174206634853708,10.3180144357349,25.9406723005039,0.174046410067903,10.3195423863039,25.5985505592539,0.176661122310061,13.5012983643768,17.9753189967989,0.25873080865509,2451.69236380367,294.936397553966
"275","MEK12_P3_T4_2",0.081730351006459,23.7000999794078,32.4819354995721,0.0816159611221981,23.7006271729508,32.5553954571503,0.0570150118691612,25.2366077819675,31.4669987004203,0.0995825372670544,1106.38555553636,104.341959587103
"276","MEK12_P3_T4_3",0.176375404979331,7.62870379817843,24.345485412155,0.176361533452101,8.48120252471448,24.348674230186,0.176846279646895,10.7033728652155,17.8062133937468,0.209083647014547,1986.63857848853,149.488169489221
"277","MEK12_P3_T4_4",0.0473982619718531,3.49888060496524,11.1832641479607,0.0473116496973745,3.50058168940999,11.4586290659295,0.0378319821046691,3.62997898522106,13.214220843667,0.0890967206720738,315.269684451195,52.7964150132991
"278","nutlin3a_P1_T1_1",5.50017270615929,43.6081733336973,2299.83366823402,7.292324624601,129.511937463291,2287.71364371403,2.5124146158092,125.289206064173,2411.22830114333,0.279416061012659,14659.1809168837,2175.76203719536
"279","nutlin3a_P1_T1_2",2.86247106339016,210.10237935368,1972.15822543079,5.53735575455777,242.288819371074,1964.48950409325,4.90293218799978,243.328502065121,1963.8323217399,0.481066316097067,12373.2181359358,1921.91796496198
"280","nutlin3a_P1_T1_3",0.818344614270755,22.7566415652566,584.208670851801,0.818344614270755,24.9897181412922,584.150972041593,0.995598040739441,30.3521379677069,582.715877299976,0.578040605127967,4840.5315733102,635.135504057365
"281","nutlin3a_P1_T1_4",1.80645287859614,31.9131543455067,787.27430019844,1.80645287859614,33.6973517270412,787.209398552192,94.3919442363816,40.4403209124749,779.878920678044,1.36327451026577,5809.74539931922,812.956802457271
"282","nutlin3a_P1_T2_1",1.59319475890188,16.5499415786836,250.312664086008,1.60271817586963,20.0083921501283,250.133667321035,1.61163775372105,25.0110404314635,242.90656046288,1.01561345927335,4586.28161469279,464.414678759115
"283","nutlin3a_P1_T2_2",6.04810162341977,85.0089545091286,711.254078209821,6.14511130447937,98.4543328070439,708.552594567852,6.10104703240747,113.356300054048,701.543961603187,4.90637246535873,7336.50780523415,740.537049367528
"284","nutlin3a_P1_T2_3",2.53995071124047,15.7537330112843,487.575396873416,2.53995071124047,20.2995585538248,486.888675173039,3.49224480044264,36.4867624931894,488.392441134938,2.74346184551449,6020.00320235923,536.127915935313
"285","nutlin3a_P1_T2_4",7.11795452862742,46.4038384401462,1334.60066927205,7.11927556114607,60.7117607981776,1329.44750824708,13.6910818114654,71.5146162980818,1325.32173702291,7.06402224796617,8750.16892608155,1322.73795430609
"286","nutlin3a_P1_T2_5",1.51268684410596,24.7893036019655,1315.64343506919,1.51396892232908,27.8187729305008,1312.85056087987,2.04168381569533,35.5754893768684,1310.59580787507,0.838171032035568,7614.02199800344,1329.19614362413
"287","nutlin3a_P1_T3_1",2.15794487251921,65.03143433218,1454.43235928796,2.00048248643287,71.876280324545,1456.87475457647,2.68788919847655,79.0254979251549,1455.14721496363,0.656593720438594,8917.46209074184,1486.32943174111
"288","nutlin3a_P1_T3_2",7.10116062018509,13.5539961325034,1439.44214627631,7.20425870140682,26.3615282386256,1435.5546800824,22.4781521762894,34.2080871570305,1435.10844680592,5.17587503001882,9332.46886513596,1437.45134394641
"289","nutlin3a_P1_T3_3",4.09683684731166,133.823631789365,1001.87204799542,4.46117118868141,135.975948339745,1001.15729299369,4.35423280181832,139.205225375896,990.058641903669,4.72858610657467,6915.51740127514,1041.73877077244
"290","nutlin3a_P1_T3_5",5.62108054162749,60.8295070111634,1580.87557245168,6.40749344269409,70.7987750330248,1575.57785464595,7.03934951267034,74.7241644397072,1569.35850863791,0.94626573506617,9432.0051085303,1584.17801630171
"291","nutlin3a_P1_T4_2",3.23651779642961,60.2588386716354,1764.52531483633,5.29372459023681,81.5377991389038,1763.63305532873,5.57114754255831,84.2046598013539,1761.97309418606,0.3729065797879,10519.5439001339,1716.56885795697
"292","nutlin3a_P1_T4_3",4.72724870441835,42.9040143913234,928.890659359131,4.72724870441835,50.2693025704397,927.835421389456,9.77005006278028,57.746409128686,914.450171473563,4.72376022613167,7572.31159841008,924.013000170477
"293","nutlin3a_P1_T4_4",0.821382303322851,48.8514389791799,400.17138209011,0.880496313552792,55.178321651477,399.847246846945,0.851683391494193,62.5883741854088,405.241382784248,0.944429345319862,4450.03329118972,480.383715021989
"294","nutlin3a_P1_T4_5",5.5847114644019,79.1928035255469,1086.72898975876,6.06157791893898,94.5359665579966,1081.87142067579,6.00995049207562,99.3524302207264,1074.43401348907,4.64629473300549,9049.03292393178,1090.64786373136
"295","nutlin3a_P2_T1_1",3.37004428428835,29.3017886223091,1768.76658756548,3.67087142931336,33.5689909300077,1765.56164340852,8.01520261034335,36.8560259227719,1765.68652254736,0.721402031396248,9610.28253183985,1758.13305676582
"296","nutlin3a_P2_T1_3",11.59034558352,56.5364792075902,2025.66001162281,12.5,87.7641280984431,2014.26540344008,22.3953213062388,98.6706892919089,2078.18080945614,0.437089280484253,11214.0300042624,1951.64545048316
"297","nutlin3a_P2_T1_4",6.70734064357283,41.7606975304374,1582.26300713607,7.18870905788059,56.5937892840123,1576.58718141949,135.889112552753,70.7400286730417,1560.28323745202,1.66750588721925,8925.8539149833,1561.7107492539
"298","nutlin3a_P2_T1_5",10.7891576268965,35.0482855139956,1787.77719699774,10.4710624759651,48.9211981037517,1778.78808609653,60.274245026278,54.0985391952434,1780.12879041598,0.564055018564551,9730.40618440777,1757.32482079709
"299","nutlin3a_P2_T2_1",1.56846329108119,44.3334910700156,1968.47466902496,2.57103152434496,65.2097923875618,1962.44997858533,0.258533498966856,77.5339997815252,2020.47033811368,0.325653705683953,11362.6468124601,1845.80804785991
"300","nutlin3a_P2_T2_2",15.1734911769494,65.4678322408042,1920.27578916968,16.1728539078659,78.818336908241,1907.01813127976,34.9836414120374,80.263824607054,1930.72444192114,0.273442534277331,9858.24840796761,1798.16472024435
"301","nutlin3a_P2_T2_3",5.18697143067604,98.0423917006482,1825.2341451071,6.72979389793161,118.795010390734,1820.59443521726,9.65614724262819,128.7254915114,1821.48502982484,0.540336824672361,11357.52582708,1761.70032921417
"302","nutlin3a_P2_T2_4",0.0206642905579202,31.8067315894673,2166.84139112905,0.022,69.2673739448535,2148.72339352968,0.300726917561039,69.0550856086363,2164.44877181697,0.294500476448218,12004.2641542391,2052.31204876179
"303","nutlin3a_P2_T2_5",1.60927944816466,60.6242608686591,2067.26669185172,1.74504284676924,94.8387526528055,2063.86457585196,3.71660119185401,97.8491667042995,2074.49183785517,0.400453520228284,12050.4906268026,1920.51975428323
"304","nutlin3a_P2_T4_1",0.0485363576406148,193.090394746575,2003.69997290092,0.0568573581068811,229.766611208001,1983.18096268405,1.98179679030804,237.945291707938,2005.38774103939,0.341627331079919,11439.2459812661,1792.8058437915
"305","nutlin3a_P2_T4_2",7.02721640522857,34.1872676684949,1456.59775618572,6.680069808679,41.6148638635072,1452.12788781634,103.645991553786,47.714109100679,1454.94609107488,0.788355746671764,6919.43193634369,1450.49836206628
"306","nutlin3a_P2_T4_3",7.22113498792044,30.4705319233863,1719.82825894969,10.6423542685681,49.1740799090884,1712.19240891133,68.2282414559838,57.5014841618657,1714.57912051822,0.680372474072506,9200.28075442493,1710.52967041915
"307","nutlin3a_P2_T5_1",3.10148176871966,47.884392432086,1852.82581800665,3.55765998470542,67.3341063422883,1844.69553232204,0.988380683187548,76.7580915563099,1885.25886619528,0.325885824023962,9972.73933433258,1766.73401149908
"308","nutlin3a_P2_T5_2",11.5141167101906,41.3863807671032,2019.00236625964,10.043154704718,60.0339979170584,2020.37846813728,15.3844004158909,71.0240646574631,2027.99905365472,0.395195521171896,12071.3068303317,1980.7297162809
"309","nutlin3a_P2_T5_4",2.89737268400867,71.5856127737353,1916.49225809708,3.53412779548117,103.905191978406,1911.04111789506,3.91795696103912,107.274018403058,1919.73513612692,0.443254780012522,10654.9639760582,1836.86440632525
"310","nutlin3a_P2_T5_5",3.35356351614037,60.7371927160235,1965.69097632967,3.48384833488173,89.1083103513407,1968.67106606432,7.42861205633123,91.7562857018949,1974.82229744159,0.329350177282449,11057.1087622151,1856.12634983826
"311","nutlin3a_P3_T1_1",8.34556552262843,20.4577441788207,1783.37362489513,7.83103205836193,23.6863227706002,1781.12480124861,69.8190615226948,25.9718854386181,1779.04068142226,0.489941207752771,9106.42476906725,1770.87370985232
"312","nutlin3a_P3_T1_2",8.73032601758336,32.08327967013,1727.52393821521,8.73032601758336,34.3415280774206,1725.47649129108,87.690523608883,37.7625822978605,1731.21885338822,0.885121216222281,9343.413862608,1727.32937693967
"313","nutlin3a_P3_T1_3",3.87097511486296,43.1223722286777,1719.96687445412,3.75125329505701,50.8059206517532,1715.6540199653,4.01123614464044,57.0753072650441,1717.85534886431,0.47616615870537,9480.43490705684,1696.32956756706
"314","nutlin3a_P3_T1_4",5.67252821674376,37.2731251007842,1835.73620595539,5.12742166443611,43.4156593791972,1827.63729409424,1.97865176093363,48.758743908445,1843.99358154095,0.338067432227822,9537.7952725471,1787.00966299177
"315","nutlin3a_P3_T1_5",8.62281628018668,60.6895295096575,2004.29050228793,9.63230770494691,74.7475820602424,1985.18718762355,11.6306652437669,82.9813974065413,2052.48355455025,0.304692932291075,10916.3665228395,1903.84966437209
"316","nutlin3a_P3_T2_1",1.55393915621168,14.1286216623839,1908.56152647675,1.73419115711537,19.5196730873518,1904.57972462269,1.24057225377299,20.4441359170807,1911.62066264705,0.294502775444123,9752.50505468589,1864.31746481136
"317","nutlin3a_P3_T2_2",0.983363793630855,31.347997176875,1997.06788362421,0.89772683478876,35.2577779583745,1997.5688210456,2.2603612563082,36.9916607206611,2003.6995157201,0.3369857186144,10688.5780825936,1940.76033579697
"318","nutlin3a_P3_T2_3",10.0442448100558,66.9573515294953,1869.64585032651,11.1376279992219,72.3209822003775,1866.69503016582,28.6225167236284,73.8401526030945,1867.54366205278,0.345152495993467,10395.6367590633,1710.02642922696
"319","nutlin3a_P3_T2_4",0.021750166016692,30.793458365973,2042.3760468981,0.0266246389623154,47.3493670137892,2034.76300332062,3.23259572457135,49.79179887449,2050.37928883244,0.405067673322924,10961.4867379928,1961.04079832028
"320","nutlin3a_P3_T2_5",0.0160522817915065,48.1287378194288,2052.42215912443,0.0227310798189127,61.1411750772907,2002.85369072917,5.36798949390828,58.6835223946836,2047.12976625205,0.307479575198839,10943.7839762399,1829.41583510402
"321","nutlin3a_P3_T3_1",15.8861119864905,26.5556973813305,1994.99003223341,15.2586606003359,31.3643972268163,1980.32260630527,5.64519513945695,32.1537911367201,1984.76215273081,0.377266012693571,10249.6923212379,1894.46520331315
"322","nutlin3a_P3_T3_2",8.77243799958615,45.0170701516814,1893.33480946768,7.45827117585896,51.6097469615242,1890.80000465952,4.16231054964787,59.7994221038776,1911.89105125768,0.383940421805371,10212.4486919825,1857.47958794761
"323","nutlin3a_P3_T3_3",0.167682806888128,33.4939664508623,1921.98010577685,0.224319031761512,38.7633212275329,1906.97347163827,0.151104503501204,40.6923679786667,1930.52409835258,0.466144076015957,9817.45421596325,1876.70467023318
"324","nutlin3a_P3_T3_4",4.11889805772611,25.6753549954495,1832.42929441343,4.38530130230239,26.8481670789721,1831.41322504081,6.14355150886521,28.8262129574768,1822.91419330759,0.441342647679166,9499.69505201182,1812.65510088795
"325","nutlin3a_P3_T3_5",0.0195930240893913,62.8280733019469,2150.93327714672,0.0289928087363637,78.3830452517538,2095.58546263741,1.98317933148236,76.2786336917439,2139.45471765658,0.305313117666382,11822.6067898455,1964.74664899083
"326","nutlin3a_P3_T4_1",3.74269722018792,22.6041930186985,467.577287853806,3.74269722018792,29.3356523103393,466.538842655406,3.74641992426997,45.3071473569588,461.640595024399,4.80214666378512,6578.72157656509,543.232365337903
"327","nutlin3a_P3_T4_2",1.49669231975004,90.9979519385066,1110.11710782704,1.47351406132173,97.1076280474685,1111.54430637146,31.3101412044193,108.944217233344,1115.51988786501,0.640529349158939,7523.87617054463,1130.46263772463
"328","nutlin3a_P3_T4_3",4.00642431882304,16.3679620071304,546.217763117993,4.00642431882304,24.368088908228,544.901031227826,4.32883563133787,45.2182769765652,539.742037686523,4.81195577096958,7304.73836504362,586.174004314747
"329","nutlin3a_P3_T4_4",2.8892357031439,130.098934803802,1220.79004012526,3.13738917051013,136.956337228701,1214.08605041114,3.01692438526873,146.678505229422,1203.6002984496,0.904057917019065,8141.15186547157,1263.07353081371
